,Timestamp,Data1,Data2,Label
0,6.0,-12.72,7.5,0
1,6.01,-1.39,-13.25,0
2,6.03,-10.14,14.93,0
3,6.04,-23.9,38.09,0
4,6.05,4.55,-16.02,0
5,6.07,30.55,-27.58,0
6,6.08,3.84,19.14,0
7,6.09,11.48,-12.28,0
8,6.11,24.69,-26.89,1
9,6.12,-20.1,42.47,1
10,6.13,-11.75,59.01,1
11,6.15,8.91,47.26,1
12,6.16,82.42,99.77,1
13,6.17,143.14,146.76,1
14,6.19,-420.0,147.56,1
15,6.2,-251.46,275.34,1
16,6.21,-253.24,144.28,1
17,6.23,-70.96,68.17,1
18,6.24,-149.16,137.13,1
19,6.25,263.12,-252.73,1
20,6.27,305.82,-174.65,1
21,6.28,-214.27,169.77,1
22,6.29,-5.94,-3.0,1
23,6.31,-90.86,34.35,1
24,6.32,291.51,-44.77,1
25,6.33,-70.16,-160.16,1
26,6.35,57.15,-184.68,1
27,6.36,-58.34,-86.11,1
28,6.37,398.02,-46.84,1
29,6.39,269.91,-97.87,1
30,6.4,-12.38,-65.14,1
31,6.41,156.62,-167.89,1
32,6.43,228.29,-208.2,1
33,6.44,-75.34,-32.28,1
34,6.45,-0.35,-115.97,1
35,6.47,-203.43,-92.02,1
36,6.48,-110.84,-81.52,1
37,6.49,119.31,-96.59,1
38,6.51,158.52,-96.07,1
39,6.52,62.46,-66.95,1
40,6.53,192.44,-82.8,1
41,6.55,149.39,-75.61,1
42,6.56,345.59,-44.97,1
43,6.57,-353.16,-58.45,1
44,6.59,335.74,-49.92,1
45,6.6,171.39,-84.55,1
46,6.61,-98.26,-134.78,1
47,6.63,130.74,-194.17,1
48,6.64,-147.01,-480.47,1
49,6.65,-446.41,89.49,1
50,6.67,-325.7,15.48,1
51,6.68,-411.0,80.58,1
52,6.69,-298.86,70.17,1
53,6.71,24.54,-117.62,1
54,6.72,-104.92,-44.63,1
55,6.73,-261.73,131.94,1
56,6.75,-84.39,59.42,1
57,6.76,98.37,413.48,1
58,6.77,-143.19,268.82,1
59,6.79,-67.59,397.96,1
60,6.8,-160.76,299.25,1
61,6.81,152.88,148.49,1
62,6.83,-67.07,-103.0,1
63,6.84,479.62,-168.41,1
64,6.85,69.11,-490.85,1
65,6.87,119.69,-46.18,1
66,6.88,-60.53,116.11,1
67,6.89,-180.86,130.09,1
68,6.91,-202.06,396.08,0
69,6.92,-141.2,301.8,0
70,6.93,144.33,66.1,0
71,6.95,161.02,119.58,0
72,6.96,232.27,-11.95,0
73,6.97,114.76,-110.55,0
74,6.99,189.38,-246.42,0
75,7.0,156.33,-115.15,0
76,7.01,194.47,-88.05,0
77,7.03,212.16,-28.16,0
78,7.04,112.06,46.77,0
79,7.05,26.96,75.07,0
80,7.07,-6.87,97.14,0
81,7.08,-77.66,150.01,0
82,7.09,-73.51,154.88,0
83,7.11,-89.08,156.0,0
84,7.12,-124.47,189.73,0
85,7.13,-128.0,177.63,0
86,7.15,-90.12,163.64,0
87,7.16,-109.15,184.8,0
88,7.17,-110.96,171.28,0
89,7.19,-89.62,199.65,0
90,7.2,-97.94,291.56,0
91,7.21,-89.86,282.32,0
92,7.23,-62.24,290.4,0
93,7.24,-66.35,277.21,0
94,7.25,-61.81,223.9,0
95,7.27,-18.1,180.06,0
96,7.28,-56.12,156.75,0
97,7.29,-21.34,77.8,0
98,7.31,3.13,7.66,0
99,7.32,-31.79,-14.8,0
100,7.33,-18.73,-82.41,0
101,7.35,21.56,-134.2,0
102,7.36,-11.43,-129.59,0
103,7.37,-16.85,-177.46,0
104,7.39,15.5,-231.84,0
105,7.4,-5.38,-231.95,0
106,7.41,12.91,-247.73,0
107,7.43,46.92,-270.14,0
108,7.44,38.59,-277.55,0
109,7.45,48.81,-281.35,0
110,7.47,70.77,-277.75,0
111,7.48,22.29,-246.43,0
112,7.49,39.27,-253.43,0
113,7.51,66.06,-282.34,0
114,7.52,45.49,-244.19,0
115,7.53,42.21,-251.23,0
116,7.55,59.04,-233.53,0
117,7.56,20.28,-190.09,0
118,7.57,30.67,-182.34,0
119,7.59,55.92,-163.18,0
120,7.6,12.17,-129.94,0
121,7.61,50.83,-124.54,0
122,7.63,45.77,-104.96,0
123,7.64,22.01,-99.8,0
124,7.65,23.69,-93.99,0
125,7.67,55.85,-86.22,0
126,7.68,7.09,-52.33,0
127,7.69,16.17,-29.98,0
128,7.71,28.11,-9.94,0
129,7.72,-0.75,17.61,0
130,7.73,-2.99,14.21,0
131,7.75,27.34,6.47,0
132,7.76,3.08,30.52,0
133,7.77,8.5,66.54,0
134,7.79,26.38,41.71,0
135,7.8,-22.24,90.15,0
136,7.81,-2.7,91.77,0
137,7.83,29.96,67.37,0
138,7.84,-10.18,106.71,0
139,7.85,-15.17,105.46,0
140,7.87,15.74,97.54,0
141,7.88,-19.22,104.96,0
142,7.89,-18.53,118.95,0
143,7.91,14.64,110.96,0
144,7.92,-29.39,113.86,0
145,7.93,-15.94,131.33,0
146,7.95,-2.73,95.82,0
147,7.96,-31.06,105.95,0
148,7.97,-14.75,116.78,0
149,7.99,1.16,73.4,0
150,8.0,-39.26,108.86,0
151,8.01,-37.17,107.29,0
152,8.03,-17.0,77.87,0
153,8.04,-38.07,85.01,0
154,8.05,-19.86,101.91,0
155,8.07,30.59,51.44,0
156,8.08,-24.83,65.8,0
157,8.09,-13.85,76.51,0
158,8.11,1.32,48.26,1
159,8.12,-27.78,61.96,1
160,8.13,-16.42,49.05,1
161,8.15,-16.53,55.5,1
162,8.16,-4.26,83.1,1
163,8.17,59.77,140.48,1
164,8.19,-371.34,392.33,1
165,8.2,55.06,245.47,1
166,8.21,-355.72,264.18,1
167,8.23,-104.74,165.62,1
168,8.24,-109.04,114.62,1
169,8.25,-51.88,59.4,1
170,8.27,-151.13,-17.59,1
171,8.28,-54.78,-52.56,1
172,8.29,12.74,-83.31,1
173,8.31,-13.71,-137.53,1
174,8.32,116.74,-153.53,1
175,8.33,432.72,-163.74,1
176,8.35,70.55,-201.35,1
177,8.36,18.77,-201.93,1
178,8.37,37.49,-196.55,1
179,8.39,395.25,-222.26,1
180,8.4,401.24,-212.19,1
181,8.41,19.81,-195.86,1
182,8.43,182.66,-213.04,1
183,8.44,-74.19,-205.06,1
184,8.45,525.7,-438.34,1
185,8.47,341.3,-632.8,1
186,8.48,-152.86,-108.3,1
187,8.49,90.65,-190.3,1
188,8.51,96.52,83.46,1
189,8.52,-15.08,-260.85,1
190,8.53,-77.68,-339.43,1
191,8.55,-177.49,137.44,1
192,8.56,299.7,-297.28,1
193,8.57,-223.62,-195.41,1
194,8.59,264.21,-305.23,1
195,8.6,-279.62,-5.38,1
196,8.61,170.74,11.98,1
197,8.63,-594.81,434.74,1
198,8.64,-244.41,75.58,1
199,8.65,12.19,-97.85,1
200,8.67,-310.28,304.46,1
201,8.68,-153.98,198.73,1
202,8.69,98.11,342.55,1
203,8.71,-271.43,413.54,1
204,8.72,103.5,-18.66,1
205,8.73,-335.85,402.54,1
206,8.75,145.5,173.13,1
207,8.76,-366.13,8.05,1
208,8.77,-102.86,19.52,1
209,8.79,-36.24,111.82,1
210,8.8,177.27,-116.22,1
211,8.81,-9.27,63.68,1
212,8.83,254.22,72.25,1
213,8.84,-310.26,449.59,1
214,8.85,1.58,336.63,1
215,8.87,-59.11,494.58,1
216,8.88,-291.49,110.88,1
217,8.89,121.86,274.7,1
218,8.91,189.63,107.27,0
219,8.92,-159.26,249.23,0
220,8.93,-25.04,-57.04,0
221,8.95,-54.67,-77.05,0
222,8.96,61.46,-156.41,0
223,8.97,136.6,-273.41,0
224,8.99,269.26,-200.02,0
225,9.0,266.31,-178.17,0
226,9.01,217.66,-97.8,0
227,9.03,171.14,-91.05,0
228,9.04,53.35,-55.27,0
229,9.05,-17.32,-10.46,0
230,9.07,-42.91,-10.36,0
231,9.08,-72.72,6.85,0
232,9.09,-89.25,40.42,0
233,9.11,-82.04,26.71,0
234,9.12,-96.83,32.83,0
235,9.13,-87.04,58.21,0
236,9.15,-64.0,35.98,0
237,9.16,-74.62,37.74,0
238,9.17,-49.34,103.94,0
239,9.19,-22.41,187.02,0
240,9.2,-33.48,221.22,0
241,9.21,-26.08,263.14,0
242,9.23,-11.43,192.85,0
243,9.24,-23.5,139.53,0
244,9.25,-5.9,127.75,0
245,9.27,21.64,60.03,0
246,9.28,19.53,-1.5,0
247,9.29,21.53,-2.13,0
248,9.31,35.95,-49.88,0
249,9.32,33.05,-84.79,0
250,9.33,39.93,-100.01,0
251,9.35,36.94,-141.13,0
252,9.36,47.51,-174.86,0
253,9.37,52.33,-154.07,0
254,9.39,55.59,-168.98,0
255,9.4,50.95,-203.2,0
256,9.41,44.05,-171.41,0
257,9.43,52.2,-224.96,0
258,9.44,34.27,-226.67,0
259,9.45,32.63,-198.99,0
260,9.47,41.79,-239.19,0
261,9.48,36.81,-214.84,0
262,9.49,23.43,-163.93,0
263,9.51,27.73,-188.72,0
264,9.52,16.05,-175.67,0
265,9.53,16.96,-145.21,0
266,9.55,28.07,-138.35,0
267,9.56,28.9,-160.36,0
268,9.57,8.6,-91.06,0
269,9.59,31.55,-99.77,0
270,9.6,13.68,-106.55,0
271,9.61,8.87,-66.61,0
272,9.63,7.22,-65.99,0
273,9.64,0.49,-55.54,0
274,9.65,-7.54,-6.95,0
275,9.67,7.12,-1.73,0
276,9.68,-18.51,5.34,0
277,9.69,1.9,49.02,0
278,9.71,10.12,25.15,0
279,9.72,-6.82,21.13,0
280,9.73,-11.4,66.8,0
281,9.75,-8.18,80.08,0
282,9.76,-24.23,61.95,0
283,9.77,-28.45,98.25,0
284,9.79,-25.69,84.41,0
285,9.8,-28.12,87.19,0
286,9.81,-26.75,129.28,0
287,9.83,-16.28,112.73,0
288,9.84,-12.88,110.08,0
289,9.85,-36.37,118.09,0
290,9.87,-5.29,99.36,0
291,9.88,-13.77,98.39,0
292,9.89,-36.23,106.5,0
293,9.91,-27.56,102.09,0
294,9.92,3.18,87.62,0
295,9.93,-30.58,100.16,0
296,9.95,-18.89,95.03,0
297,9.96,-19.18,66.69,0
298,9.97,-8.31,106.48,0
299,9.99,-20.04,62.7,0
300,10.0,-10.29,56.87,0
301,10.01,-35.72,77.44,0
302,10.03,-16.24,65.48,0
303,10.04,-18.5,49.13,0
304,10.05,-6.69,55.96,0
305,10.07,-3.71,46.07,0
306,10.08,-2.25,34.54,0
307,10.09,-2.72,48.1,0
308,10.11,9.45,50.05,1
309,10.12,55.76,9.0,1
310,10.13,139.49,67.11,1
311,10.15,209.8,246.69,1
312,10.16,152.96,268.21,1
313,10.17,-420.3,328.33,1
314,10.19,176.31,198.22,1
315,10.2,-531.19,142.07,1
316,10.21,-240.59,89.03,1
317,10.23,-28.58,16.92,1
318,10.24,5.92,-42.23,1
319,10.25,-261.32,-62.97,1
320,10.27,-132.25,-117.17,1
321,10.28,363.75,-151.07,1
322,10.29,163.1,-153.29,1
323,10.31,-219.91,-187.64,1
324,10.32,34.58,-206.63,1
325,10.33,5.53,-195.21,1
326,10.35,75.23,-213.61,1
327,10.36,-23.68,-221.23,1
328,10.37,-119.16,-312.73,1
329,10.39,253.55,-392.78,1
330,10.4,304.21,-126.46,1
331,10.41,-7.06,-379.72,1
332,10.43,325.31,-548.16,1
333,10.44,444.03,-491.88,1
334,10.45,-40.69,-150.22,1
335,10.47,110.09,67.44,1
336,10.48,-10.07,-207.97,1
337,10.49,68.16,-156.34,1
338,10.51,-299.33,112.51,1
339,10.52,202.89,-329.16,1
340,10.53,-207.88,255.75,1
341,10.55,-178.19,-507.29,1
342,10.56,261.27,-67.63,1
343,10.57,302.47,11.95,1
344,10.59,-131.21,664.96,1
345,10.6,-284.6,-20.55,1
346,10.61,62.12,140.5,1
347,10.63,198.24,413.98,1
348,10.64,-227.6,-75.98,1
349,10.65,21.83,201.14,1
350,10.67,238.59,594.03,1
351,10.68,157.51,-156.24,1
352,10.69,-298.11,163.52,1
353,10.71,-244.21,406.02,1
354,10.72,36.72,385.11,1
355,10.73,-358.81,585.47,1
356,10.75,274.56,-21.45,1
357,10.76,-144.56,197.52,1
358,10.77,-214.51,522.52,1
359,10.79,156.05,-118.26,1
360,10.8,-195.94,-155.26,1
361,10.81,-44.48,-53.84,1
362,10.83,-86.23,-321.08,1
363,10.84,99.76,86.2,1
364,10.85,237.04,234.46,1
365,10.87,-306.37,316.13,1
366,10.88,-258.52,100.42,1
367,10.89,-188.83,-89.05,1
368,10.91,78.96,-273.0,0
369,10.92,-161.36,32.84,0
370,10.93,61.05,-32.77,0
371,10.95,119.29,312.49,0
372,10.96,82.0,-72.65,0
373,10.97,59.07,-31.98,0
374,10.99,96.63,-152.96,0
375,11.0,224.72,-340.14,0
376,11.01,224.19,-249.61,0
377,11.03,252.58,-212.55,0
378,11.04,216.83,-173.1,0
379,11.05,127.9,-113.27,0
380,11.07,60.52,-72.05,0
381,11.08,4.53,-56.07,0
382,11.09,-70.16,-13.62,0
383,11.11,-104.74,11.09,0
384,11.12,-144.42,12.71,0
385,11.13,-182.27,44.05,0
386,11.15,-161.45,57.57,0
387,11.16,-126.9,47.06,0
388,11.17,-139.7,109.95,0
389,11.19,-123.59,221.88,0
390,11.2,-103.56,239.15,0
391,11.21,-111.57,274.6,0
392,11.23,-100.15,268.21,0
393,11.24,-54.08,220.82,0
394,11.25,-65.74,168.57,0
395,11.27,-41.03,139.75,0
396,11.28,9.02,74.46,0
397,11.29,-18.57,38.94,0
398,11.31,14.24,11.57,0
399,11.32,38.93,-40.66,0
400,11.33,23.29,-82.32,0
401,11.35,23.14,-87.52,0
402,11.36,57.21,-126.9,0
403,11.37,42.22,-150.24,0
404,11.39,40.39,-135.54,0
405,11.4,56.28,-164.52,0
406,11.41,37.56,-182.6,0
407,11.43,64.13,-165.37,0
408,11.44,72.33,-185.04,0
409,11.45,64.72,-179.27,0
410,11.47,54.91,-178.87,0
411,11.48,82.57,-169.98,0
412,11.49,53.98,-170.91,0
413,11.51,54.35,-148.15,0
414,11.52,70.39,-154.93,0
415,11.53,29.55,-130.73,0
416,11.55,39.74,-93.59,0
417,11.56,57.39,-108.51,0
418,11.57,31.88,-103.77,0
419,11.59,32.95,-67.86,0
420,11.6,47.49,-81.77,0
421,11.61,18.08,-72.35,0
422,11.63,25.63,-38.46,0
423,11.64,47.46,-54.89,0
424,11.65,3.78,-32.8,0
425,11.67,8.61,-10.74,0
426,11.68,25.42,4.03,0
427,11.69,-8.55,5.84,0
428,11.71,-5.21,36.22,0
429,11.72,21.21,20.8,0
430,11.73,-18.65,19.53,0
431,11.75,-15.53,48.75,0
432,11.76,10.03,28.97,0
433,11.77,-29.0,54.22,0
434,11.79,-17.91,51.36,0
435,11.8,8.42,50.11,0
436,11.81,-31.16,59.89,0
437,11.83,-26.12,101.26,0
438,11.84,-16.7,89.71,0
439,11.85,-34.39,77.27,0
440,11.87,-21.32,86.62,0
441,11.88,-0.66,71.64,0
442,11.89,-48.36,55.73,0
443,11.91,-22.25,68.1,0
444,11.92,-13.45,87.82,0
445,11.93,-28.21,39.31,0
446,11.95,-26.6,91.25,0
447,11.96,-7.45,73.23,0
448,11.97,-37.45,64.7,0
449,11.99,-32.19,84.07,0
450,12.0,-15.45,65.03,0
451,12.01,-35.95,52.05,0
452,12.03,-38.53,66.03,0
453,12.04,9.41,50.28,0
454,12.05,-19.56,16.28,0
455,12.07,-31.49,57.2,0
456,12.08,6.82,45.64,0
457,12.09,-26.95,15.16,0
458,12.11,-14.71,48.07,1
459,12.12,23.01,4.78,1
460,12.13,-25.25,46.26,1
461,12.15,2.88,112.92,1
462,12.16,30.56,84.21,1
463,12.17,-155.93,47.32,1
464,12.19,-316.04,166.54,1
465,12.2,8.98,248.2,1
466,12.21,226.86,308.09,1
467,12.23,348.15,223.14,1
468,12.24,33.7,138.64,1
469,12.25,-215.95,67.41,1
470,12.27,40.21,33.93,1
471,12.28,-195.94,-41.96,1
472,12.29,-253.13,-80.39,1
473,12.31,-45.26,-94.54,1
474,12.32,-21.99,-148.18,1
475,12.33,120.6,-166.36,1
476,12.35,68.39,-164.04,1
477,12.36,33.47,-199.4,1
478,12.37,318.06,-205.22,1
479,12.39,247.66,-189.1,1
480,12.4,119.82,-212.73,1
481,12.41,31.58,-207.66,1
482,12.43,165.14,-204.64,1
483,12.44,316.32,-324.9,1
484,12.45,33.48,-517.1,1
485,12.47,-86.07,-514.92,1
486,12.48,32.51,-132.59,1
487,12.49,-10.71,-70.74,1
488,12.51,-221.96,-313.16,1
489,12.52,-7.01,-172.17,1
490,12.53,-99.31,-8.7,1
491,12.55,-368.23,-83.0,1
492,12.56,89.72,-196.74,1
493,12.57,79.45,-146.93,1
494,12.59,-234.98,-229.39,1
495,12.6,-23.68,14.47,1
496,12.61,-65.52,228.79,1
497,12.63,238.08,551.99,1
498,12.64,-83.22,156.03,1
499,12.65,-239.87,212.89,1
500,12.67,-196.97,62.87,1
501,12.68,306.79,203.15,1
502,12.69,-185.88,177.38,1
503,12.71,133.33,315.88,1
504,12.72,214.05,313.09,1
505,12.73,-40.33,-0.74,1
506,12.75,245.04,154.54,1
507,12.76,-15.96,-62.21,1
508,12.77,165.29,252.67,1
509,12.79,0.13,344.27,1
510,12.8,-126.71,89.98,1
511,12.81,-23.76,212.2,1
512,12.83,-318.23,-24.41,1
513,12.84,-357.71,285.3,1
514,12.85,252.7,340.97,1
515,12.87,-49.06,15.5,1
516,12.88,-16.32,-140.73,1
517,12.89,53.08,-106.21,1
518,12.91,-310.17,110.6,0
519,12.92,-17.38,-18.34,0
520,12.93,-76.69,128.22,0
521,12.95,-81.98,-39.45,0
522,12.96,-64.26,-80.95,0
523,12.97,-80.57,-196.82,0
524,12.99,-109.28,-247.13,0
525,13.0,-79.69,-278.33,0
526,13.01,-39.62,-207.27,0
527,13.03,48.68,-126.65,0
528,13.04,131.08,-91.47,0
529,13.05,91.02,-57.54,0
530,13.07,122.58,6.76,0
531,13.08,138.93,19.17,0
532,13.09,76.21,35.49,0
533,13.11,74.25,80.09,0
534,13.12,114.69,79.14,0
535,13.13,57.15,79.28,0
536,13.15,85.44,160.43,0
537,13.16,89.08,258.18,0
538,13.17,53.49,265.58,0
539,13.19,55.96,298.79,0
540,13.2,74.26,258.13,0
541,13.21,27.03,201.12,0
542,13.23,13.78,170.6,0
543,13.24,52.79,135.15,0
544,13.25,3.18,99.39,0
545,13.27,23.08,99.96,0
546,13.28,59.05,36.72,0
547,13.29,32.18,-29.96,0
548,13.31,27.54,-52.45,0
549,13.32,30.32,-85.44,0
550,13.33,-0.75,-104.44,0
551,13.35,-26.32,-117.72,0
552,13.36,9.09,-120.18,0
553,13.37,-29.33,-147.01,0
554,13.39,-16.62,-121.66,0
555,13.4,-3.39,-153.84,0
556,13.41,-38.24,-170.76,0
557,13.43,-34.98,-176.46,0
558,13.44,-2.08,-197.33,0
559,13.45,-43.14,-188.81,0
560,13.47,-27.05,-176.57,0
561,13.48,1.17,-191.37,0
562,13.49,-37.92,-177.4,0
563,13.51,-20.25,-159.89,0
564,13.52,14.0,-168.71,0
565,13.53,-36.26,-157.94,0
566,13.55,-18.45,-132.17,0
567,13.56,7.06,-109.66,0
568,13.57,-39.82,-126.89,0
569,13.59,-15.53,-94.28,0
570,13.6,7.73,-82.98,0
571,13.61,-33.21,-81.0,0
572,13.63,-15.65,-65.88,0
573,13.64,4.28,-39.27,0
574,13.65,-28.65,-49.91,0
575,13.67,-34.02,-21.14,0
576,13.68,13.6,-8.62,0
577,13.69,-15.55,-2.29,0
578,13.71,-22.94,21.18,0
579,13.72,10.08,11.62,0
580,13.73,-28.64,16.08,0
581,13.75,-3.25,52.18,0
582,13.76,6.29,54.92,0
583,13.77,-32.71,54.98,0
584,13.79,-2.98,77.81,0
585,13.8,8.17,70.82,0
586,13.81,-39.1,60.83,0
587,13.83,-19.36,91.02,0
588,13.84,11.05,83.41,0
589,13.85,-20.2,58.81,0
590,13.87,-9.11,84.64,0
591,13.88,29.83,77.88,0
592,13.89,-28.81,61.0,0
593,13.91,7.62,84.48,0
594,13.92,33.54,80.2,0
595,13.93,-23.29,60.69,0
596,13.95,-2.04,85.21,0
597,13.96,16.3,76.14,0
598,13.97,-14.11,60.28,0
599,13.99,1.8,67.33,0
600,14.0,19.97,63.53,0
601,14.01,-7.43,44.77,0
602,14.03,-0.03,60.97,0
603,14.04,21.92,62.85,0
604,14.05,-21.79,58.2,0
605,14.07,-2.97,40.64,0
606,14.08,15.9,61.93,0
607,14.09,-7.13,59.01,0
608,14.11,-9.17,49.6,1
609,14.12,45.49,168.08,1
610,14.13,120.54,256.35,1
611,14.15,-115.17,361.21,1
612,14.16,305.37,326.28,1
613,14.17,-154.05,215.74,1
614,14.19,98.9,160.48,1
615,14.2,-239.7,89.46,1
616,14.21,-182.82,12.86,1
617,14.23,-346.35,-23.26,1
618,14.24,-75.74,-63.55,1
619,14.25,-244.39,-118.08,1
620,14.27,41.33,-134.89,1
621,14.28,385.79,-153.54,1
622,14.29,-74.56,-191.06,1
623,14.31,16.31,-191.86,1
624,14.32,174.94,-194.5,1
625,14.33,418.89,-218.32,1
626,14.35,-9.29,-208.06,1
627,14.36,258.93,-199.05,1
628,14.37,-284.82,-216.05,1
629,14.39,154.76,-378.63,1
630,14.4,-170.93,-556.57,1
631,14.41,218.15,-242.92,1
632,14.43,-85.1,-448.14,1
633,14.44,104.72,-579.48,1
634,14.45,342.41,-112.55,1
635,14.47,-183.68,-525.78,1
636,14.48,-152.58,-40.36,1
637,14.49,-21.95,118.26,1
638,14.51,-51.74,-49.0,1
639,14.52,-22.84,205.26,1
640,14.53,206.47,185.72,1
641,14.55,-132.45,-204.37,1
642,14.56,-207.16,507.69,1
643,14.57,-112.17,307.45,1
644,14.59,-266.15,229.09,1
645,14.6,-85.05,254.36,1
646,14.61,349.62,78.18,1
647,14.63,344.06,8.95,1
648,14.64,234.08,399.91,1
649,14.65,370.17,194.72,1
650,14.67,-196.96,-66.22,1
651,14.68,19.83,21.38,1
652,14.69,68.97,361.09,1
653,14.71,235.19,85.18,1
654,14.72,-157.08,14.36,1
655,14.73,231.72,281.0,1
656,14.75,-245.1,219.78,1
657,14.76,-47.62,208.5,1
658,14.77,-341.88,120.97,1
659,14.79,-18.94,253.13,1
660,14.8,-190.93,-6.86,1
661,14.81,-179.46,166.57,1
662,14.83,-166.71,26.87,1
663,14.84,120.89,205.39,1
664,14.85,-294.03,-113.34,1
665,14.87,-99.23,56.54,1
666,14.88,-246.54,-224.84,1
667,14.89,-317.5,-214.99,1
668,14.91,51.19,-89.61,0
669,14.92,72.27,-191.53,0
670,14.93,80.13,137.16,0
671,14.95,-16.66,-0.74,0
672,14.96,136.48,30.27,0
673,14.97,-91.57,-117.66,0
674,14.99,160.0,-181.6,0
675,15.0,182.99,-191.95,0
676,15.01,154.08,-153.64,0
677,15.03,200.47,-114.68,0
678,15.04,210.98,-54.46,0
679,15.05,125.55,-45.13,0
680,15.07,38.78,-12.54,0
681,15.08,-3.82,27.13,0
682,15.09,-50.57,24.04,0
683,15.11,-76.26,41.79,0
684,15.12,-59.78,69.86,0
685,15.13,-114.96,55.46,0
686,15.15,-91.28,64.38,0
687,15.16,-90.04,95.57,0
688,15.17,-85.6,110.69,0
689,15.19,-69.09,190.51,0
690,15.2,-30.95,256.87,0
691,15.21,-77.04,228.01,0
692,15.23,-42.07,196.73,0
693,15.24,10.26,199.96,0
694,15.25,-22.9,134.61,0
695,15.27,-17.17,102.53,0
696,15.28,16.14,93.82,0
697,15.29,-11.5,31.41,0
698,15.31,11.31,-38.43,0
699,15.32,38.69,-19.04,0
700,15.33,16.7,-78.31,0
701,15.35,34.3,-102.68,0
702,15.36,45.06,-120.28,0
703,15.37,2.91,-137.49,0
704,15.39,32.66,-156.76,0
705,15.4,45.46,-156.17,0
706,15.41,31.7,-169.88,0
707,15.43,27.87,-188.36,0
708,15.44,41.68,-150.7,0
709,15.45,42.31,-183.18,0
710,15.47,32.18,-181.12,0
711,15.48,64.2,-148.77,0
712,15.49,30.48,-180.24,0
713,15.51,32.31,-187.2,0
714,15.52,56.77,-146.94,0
715,15.53,6.01,-102.19,0
716,15.55,53.42,-156.86,0
717,15.56,41.74,-102.59,0
718,15.57,19.3,-100.09,0
719,15.59,21.0,-101.22,0
720,15.6,38.99,-65.02,0
721,15.61,-3.07,-66.89,0
722,15.63,11.56,-74.7,0
723,15.64,32.02,-19.35,0
724,15.65,1.98,-35.02,0
725,15.67,-6.96,-39.71,0
726,15.68,9.0,10.26,0
727,15.69,-10.09,3.75,0
728,15.71,-8.21,-20.76,0
729,15.72,5.67,32.7,0
730,15.73,-16.45,20.68,0
731,15.75,-6.13,47.87,0
732,15.76,-36.4,58.52,0
733,15.77,-13.54,34.77,0
734,15.79,-24.66,54.54,0
735,15.8,3.74,81.93,0
736,15.81,-17.2,80.26,0
737,15.83,-16.73,63.8,0
738,15.84,-0.24,87.4,0
739,15.85,-9.6,64.58,0
740,15.87,-15.65,47.83,0
741,15.88,-15.83,124.43,0
742,15.89,-22.42,79.81,0
743,15.91,-17.27,77.82,0
744,15.92,-12.63,86.38,0
745,15.93,-19.81,83.01,0
746,15.95,-18.73,62.96,0
747,15.96,-6.34,83.18,0
748,15.97,-26.9,52.88,0
749,15.99,0.12,59.13,0
750,16.0,-10.42,95.6,0
751,16.01,-26.29,51.73,0
752,16.03,-39.39,33.33,0
753,16.04,-15.73,75.06,0
754,16.05,-11.08,55.78,0
755,16.07,-16.11,23.03,0
756,16.08,-10.76,44.8,0
757,16.09,-11.88,41.03,0
758,16.11,-23.58,19.46,1
759,16.12,-1.61,30.2,1
760,16.13,-16.3,52.84,1
761,16.15,-10.56,28.12,1
762,16.16,5.63,56.77,1
763,16.17,6.62,9.46,1
764,16.19,-6.5,1.63,1
765,16.2,8.92,40.2,1
766,16.21,-32.6,155.66,1
767,16.23,50.26,342.47,1
768,16.24,52.18,316.2,1
769,16.25,-382.56,143.69,1
770,16.27,-257.58,230.63,1
771,16.28,-246.24,117.05,1
772,16.29,-155.33,61.58,1
773,16.31,-142.26,-17.69,1
774,16.32,-76.86,-38.56,1
775,16.33,-19.35,-101.3,1
776,16.35,5.17,-139.68,1
777,16.36,45.86,-146.5,1
778,16.37,144.17,-185.53,1
779,16.39,97.42,-207.09,1
780,16.4,333.2,-195.77,1
781,16.41,237.53,-219.73,1
782,16.42,488.26,-228.13,1
783,16.44,563.16,-205.52,1
784,16.45,278.47,-218.45,1
785,16.47,70.68,-275.29,1
786,16.48,-29.61,-261.06,1
787,16.49,361.06,-177.43,1
788,16.51,312.21,-433.37,1
789,16.52,51.37,-575.98,1
790,16.53,-65.42,-294.68,1
791,16.55,-180.74,-604.08,1
792,16.56,1.98,-208.25,1
793,16.57,-251.13,-25.84,1
794,16.59,245.82,-315.93,1
795,16.6,-364.37,-53.93,1
796,16.61,402.78,328.58,1
797,16.63,147.8,355.49,1
798,16.64,193.97,163.08,1
799,16.65,-193.55,479.56,1
800,16.67,-253.25,28.83,1
801,16.68,-443.5,129.84,1
802,16.69,-159.89,84.78,1
803,16.71,-23.11,167.24,1
804,16.72,90.88,79.64,1
805,16.73,-403.01,230.49,1
806,16.75,-435.1,227.7,1
807,16.76,-259.21,527.66,1
808,16.77,-250.83,140.26,1
809,16.79,-213.94,62.9,1
810,16.8,-94.08,549.33,1
811,16.81,-64.52,4.0,1
812,16.83,240.04,-119.82,1
813,16.84,-2.0,16.09,1
814,16.85,95.56,68.5,1
815,16.87,155.89,27.23,1
816,16.88,291.5,308.54,1
817,16.89,216.4,-134.33,1
818,16.91,27.7,-34.74,0
819,16.92,-33.82,206.74,0
820,16.93,139.94,9.88,0
821,16.95,-173.86,35.11,0
822,16.96,-195.8,-44.43,0
823,16.97,-369.36,-289.57,0
824,16.99,-236.01,151.84,0
825,17.0,63.88,140.17,0
826,17.01,-137.54,1.29,0
827,17.03,-48.52,-231.71,0
828,17.04,-132.84,-188.88,0
829,17.05,-69.59,-188.59,0
830,17.06,-210.85,-127.94,0
831,17.08,-211.46,-99.77,0
832,17.09,-199.18,-40.34,0
833,17.11,-70.3,-27.4,0
834,17.12,-10.92,25.93,0
835,17.13,78.43,47.31,0
836,17.15,117.54,51.89,0
837,17.16,184.15,83.7,0
838,17.17,276.88,95.54,0
839,17.19,296.23,83.91,0
840,17.2,300.62,105.7,0
841,17.21,281.29,105.9,0
842,17.23,260.17,87.01,0
843,17.24,241.78,100.51,0
844,17.25,196.91,103.39,0
845,17.27,159.27,137.31,0
846,17.28,127.73,222.17,0
847,17.29,128.71,236.15,0
848,17.31,74.86,258.83,0
849,17.32,62.1,216.81,0
850,17.33,47.62,171.29,0
851,17.35,28.1,112.8,0
852,17.36,20.86,73.4,0
853,17.37,19.19,53.96,0
854,17.39,40.75,-19.25,0
855,17.4,137.01,1.9,0
856,17.41,188.54,-15.77,0
857,17.43,120.39,-95.88,0
858,17.44,1.86,-189.98,0
859,17.45,-101.02,-146.51,0
860,17.47,-174.44,-225.6,0
861,17.48,-190.28,-228.34,0
862,17.49,-175.8,-223.27,0
863,17.51,-195.77,-229.78,0
864,17.52,-185.03,-240.33,0
865,17.53,-165.93,-228.17,0
866,17.55,-198.1,-226.23,0
867,17.56,-145.17,-218.34,0
868,17.57,-112.29,-184.27,0
869,17.59,-135.65,-190.58,0
870,17.6,-103.63,-203.55,0
871,17.61,-71.91,-173.68,0
872,17.63,-75.56,-149.26,0
873,17.64,-63.52,-169.73,0
874,17.65,-42.73,-122.84,0
875,17.67,-50.26,-98.53,0
876,17.68,-16.58,-91.41,0
877,17.69,-7.75,-67.82,0
878,17.7,-18.21,-49.21,0
879,17.72,-1.5,-33.54,0
880,17.73,28.0,-21.23,0
881,17.75,3.14,-19.84,0
882,17.76,32.71,-22.23,0
883,17.77,29.52,-0.36,0
884,17.79,20.16,25.72,0
885,17.8,40.48,-12.77,0
886,17.81,68.67,58.09,0
887,17.83,34.8,51.79,0
888,17.84,42.78,26.13,0
889,17.85,54.46,80.91,0
890,17.87,30.15,90.79,0
891,17.88,52.11,70.19,0
892,17.89,51.7,95.54,0
893,17.91,36.63,89.81,0
894,17.92,45.5,90.9,0
895,17.93,53.61,109.17,0
896,17.95,15.71,88.71,0
897,17.96,30.29,90.08,0
898,17.97,71.04,95.57,0
899,17.99,23.56,78.96,0
900,18.0,20.32,52.29,0
901,18.01,40.56,90.98,0
902,18.03,-4.53,104.8,0
903,18.04,-19.94,80.02,0
904,18.05,44.77,84.97,0
905,18.07,8.65,86.16,0
906,18.08,11.6,76.28,0
907,18.09,52.63,88.68,0
908,18.11,-16.19,77.78,1
909,18.12,5.93,69.3,1
910,18.13,9.66,88.65,1
911,18.15,-0.78,80.38,1
912,18.16,12.7,80.45,1
913,18.17,50.2,228.95,1
914,18.19,275.42,377.33,1
915,18.2,212.9,117.72,1
916,18.21,-179.74,403.48,1
917,18.23,-338.18,167.24,1
918,18.24,176.06,159.29,1
919,18.25,-318.74,83.62,1
920,18.27,-96.05,12.22,1
921,18.28,-341.32,-40.03,1
922,18.29,-166.7,-62.09,1
923,18.31,41.74,-123.79,1
924,18.32,387.59,-147.23,1
925,18.33,-94.68,-151.6,1
926,18.34,-240.07,-192.7,1
927,18.36,158.62,-201.19,1
928,18.37,116.59,-190.8,1
929,18.39,392.58,-218.55,1
930,18.4,129.12,-216.38,1
931,18.41,26.18,-193.72,1
932,18.43,3.34,-213.63,1
933,18.44,-31.03,-202.08,1
934,18.45,-362.69,-172.14,1
935,18.47,-308.59,-191.14,1
936,18.48,87.75,-303.78,1
937,18.49,-268.21,-587.02,1
938,18.51,224.88,-419.17,1
939,18.52,3.98,33.43,1
940,18.53,174.24,-415.12,1
941,18.55,304.98,-539.14,1
942,18.56,-171.89,-297.7,1
943,18.57,-78.13,21.64,1
944,18.59,-16.21,-27.86,1
945,18.6,-33.01,-2.44,1
946,18.61,25.63,224.75,1
947,18.63,-70.87,520.45,1
948,18.64,-162.44,113.01,1
949,18.65,170.45,102.89,1
950,18.67,101.67,-114.79,1
951,18.68,-91.7,357.7,1
952,18.69,49.87,-71.02,1
953,18.71,-415.58,119.6,1
954,18.72,-134.7,421.03,1
955,18.73,88.44,422.25,1
956,18.75,190.22,568.11,1
957,18.76,108.25,-22.84,1
958,18.77,110.94,360.98,1
959,18.79,123.64,146.25,1
960,18.8,-312.91,348.45,1
961,18.81,-80.01,341.05,1
962,18.83,361.0,355.45,1
963,18.84,-217.57,-95.55,1
964,18.85,-128.41,86.64,1
965,18.87,271.64,-384.88,1
966,18.88,310.29,49.05,1
967,18.89,9.15,143.37,1
968,18.91,-32.46,131.98,0
969,18.92,-79.29,134.27,0
970,18.93,278.41,-161.67,0
971,18.95,-389.49,258.95,0
972,18.96,266.26,161.02,0
973,18.97,-276.6,90.34,0
974,18.98,178.4,218.46,0
975,19.0,166.59,-1.56,0
976,19.01,-327.31,283.99,0
977,19.025,92.94,-118.32,0
978,19.04,-140.58,-109.09,0
979,19.05,20.69,-283.53,0
980,19.07,-38.69,-408.5,0
981,19.08,65.4,-480.22,0
982,19.09,71.36,-342.41,0
983,19.11,28.5,-316.25,0
984,19.12,47.15,-249.7,0
985,19.13,18.46,-170.15,0
986,19.15,-26.03,-137.45,0
987,19.16,-20.83,-102.08,0
988,19.17,4.14,-38.57,0
989,19.19,-54.98,-24.74,0
990,19.2,-50.13,-6.77,0
991,19.21,-48.24,43.2,0
992,19.23,-82.99,42.24,0
993,19.24,-60.76,47.75,0
994,19.25,-24.66,85.17,0
995,19.27,-52.96,74.89,0
996,19.28,-26.51,114.48,0
997,19.29,-11.46,243.9,0
998,19.31,-6.75,241.78,0
999,19.32,-35.41,249.79,0
1000,19.33,5.26,254.98,0
1001,19.35,-31.18,245.44,0
1002,19.36,-5.34,188.06,0
1003,19.37,-4.47,157.87,0
1004,19.39,-9.04,78.04,0
1005,19.4,3.77,43.16,0
1006,19.41,28.82,25.23,0
1007,19.43,-12.4,-4.92,0
1008,19.44,19.74,-44.23,0
1009,19.45,35.64,-34.85,0
1010,19.47,4.69,-89.3,0
1011,19.48,1.95,-109.43,0
1012,19.49,57.33,-106.12,0
1013,19.51,-3.02,-134.46,0
1014,19.52,18.62,-146.97,0
1015,19.53,35.9,-144.58,0
1016,19.55,6.18,-166.78,0
1017,19.56,30.36,-172.32,0
1018,19.57,60.98,-181.23,0
1019,19.59,34.23,-172.41,0
1020,19.6,27.38,-172.64,0
1021,19.61,58.19,-120.53,0
1022,19.62,-9.4,-150.2,0
1023,19.64,-2.83,-121.07,0
1024,19.65,14.59,-106.88,0
1025,19.67,0.41,-99.1,0
1026,19.68,7.26,-100.32,0
1027,19.69,17.51,-70.23,0
1028,19.71,-18.19,-45.0,0
1029,19.72,-18.84,-58.57,0
1030,19.73,12.72,-43.95,0
1031,19.75,-12.29,-38.71,0
1032,19.76,1.16,-59.31,0
1033,19.77,29.16,-15.85,0
1034,19.79,-16.25,-12.12,0
1035,19.8,3.9,-11.34,0
1036,19.81,7.94,9.35,0
1037,19.83,-22.28,63.74,0
1038,19.84,-9.56,19.42,0
1039,19.85,36.4,53.56,0
1040,19.87,-17.65,54.8,0
1041,19.88,-14.99,39.84,0
1042,19.89,-1.66,31.86,0
1043,19.91,-10.15,57.6,0
1044,19.92,-17.6,40.95,0
1045,19.93,32.36,73.15,0
1046,19.95,-19.66,47.54,0
1047,19.96,-11.02,69.98,0
1048,19.97,25.13,84.09,0
1049,19.99,-29.48,57.58,0
1050,20.0,14.08,66.25,0
1051,20.01,19.93,55.7,0
1052,20.03,-22.27,60.62,0
1053,20.04,-30.9,40.39,0
1054,20.05,19.23,61.18,0
1055,20.07,-33.38,73.16,0
1056,20.08,4.65,67.14,0
1057,20.09,-6.73,61.84,0
1058,20.11,-35.18,77.44,1
1059,20.12,0.79,79.44,1
1060,20.13,9.75,41.71,1
1061,20.15,-18.2,34.59,1
1062,20.16,18.98,43.85,1
1063,20.17,-1.82,70.55,1
1064,20.19,-22.3,252.87,1
1065,20.2,111.01,411.72,1
1066,20.21,24.21,61.73,1
1067,20.23,152.41,104.65,1
1068,20.24,19.06,320.64,1
1069,20.25,-376.62,178.89,1
1070,20.26,-337.94,155.33,1
1071,20.28,-292.93,52.07,1
1072,20.29,-121.31,22.01,1
1073,20.3,-215.35,-29.57,1
1074,20.32,-128.58,-84.19,1
1075,20.33,-71.02,-104.3,1
1076,20.35,34.8,-130.46,1
1077,20.36,13.1,-167.25,1
1078,20.37,268.72,-169.45,1
1079,20.39,210.83,-176.81,1
1080,20.4,327.18,-203.44,1
1081,20.41,-39.56,-191.85,1
1082,20.43,150.09,-188.85,1
1083,20.44,93.93,-203.6,1
1084,20.45,405.27,-185.14,1
1085,20.47,160.78,-173.18,1
1086,20.48,101.16,-248.21,1
1087,20.49,246.61,-289.67,1
1088,20.51,219.02,-139.13,1
1089,20.52,-49.36,-282.04,1
1090,20.53,37.33,-571.83,1
1091,20.55,184.21,-685.5,1
1092,20.56,388.45,-298.47,1
1093,20.57,116.87,-368.96,1
1094,20.59,74.6,-105.64,1
1095,20.6,235.79,60.38,1
1096,20.61,-60.64,98.21,1
1097,20.63,111.49,18.48,1
1098,20.64,-73.87,205.55,1
1099,20.65,-570.24,607.07,1
1100,20.67,-281.95,205.6,1
1101,20.68,21.09,405.16,1
1102,20.69,59.54,-31.66,1
1103,20.71,-320.98,46.64,1
1104,20.72,-420.71,177.87,1
1105,20.73,128.3,135.06,1
1106,20.75,-6.24,329.57,1
1107,20.76,-54.61,245.02,1
1108,20.77,-299.49,369.29,1
1109,20.79,-336.14,218.54,1
1110,20.8,68.32,217.2,1
1111,20.81,-251.73,23.85,1
1112,20.83,16.34,178.49,1
1113,20.84,27.68,553.26,1
1114,20.85,-357.42,259.55,1
1115,20.87,-330.25,-283.07,1
1116,20.88,-210.71,-19.73,1
1117,20.89,193.04,-112.91,1
1118,20.9,-216.46,169.18,1
1119,20.92,8.62,136.23,0
1120,20.93,-267.71,497.23,0
1121,20.94,-185.69,104.43,0
1122,20.96,319.59,221.95,0
1123,20.97,103.98,-104.09,0
1124,20.99,168.65,-85.64,0
1125,21.0,-11.21,32.46,0
1126,21.01,54.19,-191.55,0
1127,21.03,-3.67,-263.95,0
1128,21.04,90.83,-295.52,0
1129,21.05,170.0,-225.1,0
1130,21.07,103.26,-166.62,0
1131,21.08,127.45,-145.31,0
1132,21.09,114.55,-104.94,0
1133,21.11,32.92,-59.37,0
1134,21.12,39.16,-55.09,0
1135,21.13,42.47,-27.71,0
1136,21.15,10.3,4.19,0
1137,21.16,36.88,-1.39,0
1138,21.17,51.39,22.28,0
1139,21.19,18.29,82.91,0
1140,21.2,14.89,135.88,0
1141,21.21,34.49,134.47,0
1142,21.23,23.47,179.84,0
1143,21.24,37.07,161.46,0
1144,21.25,64.52,130.12,0
1145,21.27,38.86,165.76,0
1146,21.28,43.89,118.86,0
1147,21.29,47.84,49.31,0
1148,21.31,31.78,64.88,0
1149,21.32,43.02,16.35,0
1150,21.33,54.59,-32.57,0
1151,21.35,16.07,-8.37,0
1152,21.36,44.46,-50.63,0
1153,21.37,39.41,-104.05,0
1154,21.39,4.23,-88.82,0
1155,21.4,20.91,-125.16,0
1156,21.41,38.99,-165.77,0
1157,21.43,6.75,-133.97,0
1158,21.44,1.12,-146.6,0
1159,21.45,27.0,-149.22,0
1160,21.47,3.49,-129.28,0
1161,21.48,-0.68,-137.59,0
1162,21.49,28.52,-165.8,0
1163,21.51,-20.61,-110.17,0
1164,21.52,-8.24,-151.25,0
1165,21.53,5.97,-164.2,0
1166,21.54,-23.42,-117.27,0
1167,21.56,-11.88,-86.23,0
1168,21.57,7.79,-122.38,0
1169,21.58,-23.2,-93.07,0
1170,21.6,-5.63,-89.02,0
1171,21.61,-1.95,-100.41,0
1172,21.63,-26.57,-71.12,0
1173,21.64,-15.18,-55.55,0
1174,21.65,1.61,-69.86,0
1175,21.67,-21.15,-35.66,0
1176,21.68,-8.81,-44.2,0
1177,21.69,-20.04,-56.8,0
1178,21.71,-42.73,11.61,0
1179,21.72,-30.95,-7.45,0
1180,21.73,-13.69,-13.87,0
1181,21.75,-46.1,29.7,0
1182,21.76,-17.2,33.85,0
1183,21.77,-6.66,23.9,0
1184,21.79,-31.91,46.08,0
1185,21.8,-21.74,68.39,0
1186,21.81,-6.53,39.13,0
1187,21.83,-28.09,55.81,0
1188,21.84,-24.16,63.98,0
1189,21.85,-14.42,30.65,0
1190,21.87,-27.56,86.78,0
1191,21.88,-16.21,81.1,0
1192,21.89,-15.86,40.04,0
1193,21.91,-17.8,74.48,0
1194,21.92,-6.29,56.71,0
1195,21.93,1.6,81.06,0
1196,21.95,-20.35,109.37,0
1197,21.96,-27.97,82.95,0
1198,21.97,6.41,55.9,0
1199,21.99,-8.76,106.46,0
1200,22.0,0.19,77.16,0
1201,22.01,0.3,33.86,0
1202,22.03,5.87,79.48,0
1203,22.04,1.18,83.89,0
1204,22.05,15.5,29.12,0
1205,22.07,1.11,70.08,0
1206,22.08,3.3,43.96,0
1207,22.09,10.63,41.3,0
1208,22.11,-6.29,41.76,1
1209,22.12,-5.25,39.37,1
1210,22.13,26.79,33.55,1
1211,22.15,-4.53,78.07,1
1212,22.16,-6.19,50.68,1
1213,22.17,6.88,66.53,1
1214,22.18,-13.16,179.27,1
1215,22.2,-23.07,284.64,1
1216,22.21,204.73,262.71,1
1217,22.22,-369.89,217.31,1
1218,22.24,160.71,228.07,1
1219,22.25,-215.7,114.97,1
1220,22.26,-244.65,90.2,1
1221,22.28,-146.39,2.35,1
1222,22.29,39.16,-45.26,1
1223,22.31,88.42,-67.91,1
1224,22.32,96.25,-120.96,1
1225,22.33,349.4,-152.88,1
1226,22.35,138.69,-153.73,1
1227,22.36,-206.43,-189.38,1
1228,22.37,185.27,-205.13,1
1229,22.39,-56.11,-190.93,1
1230,22.4,3.95,-212.41,1
1231,22.41,-115.7,-217.35,1
1232,22.43,446.49,-192.27,1
1233,22.44,145.38,-204.48,1
1234,22.45,12.29,-201.23,1
1235,22.47,-85.08,-176.84,1
1236,22.48,347.04,-244.88,1
1237,22.49,183.51,-314.63,1
1238,22.51,169.28,-250.21,1
1239,22.52,-252.55,-152.73,1
1240,22.53,-308.11,-447.21,1
1241,22.55,21.4,-206.3,1
1242,22.56,-357.85,-313.2,1
1243,22.57,195.24,-267.22,1
1244,22.59,-188.57,-262.33,1
1245,22.6,57.83,-96.43,1
1246,22.61,168.84,-41.3,1
1247,22.63,-111.09,-34.6,1
1248,22.64,165.17,488.53,1
1249,22.65,-88.69,297.02,1
1250,22.67,-227.94,55.96,1
1251,22.68,266.02,331.12,1
1252,22.69,-220.23,141.99,1
1253,22.71,-94.93,605.31,1
1254,22.72,129.13,101.32,1
1255,22.73,92.24,335.04,1
1256,22.75,306.29,297.09,1
1257,22.76,-60.64,-62.72,1
1258,22.77,-131.71,-19.41,1
1259,22.79,-259.56,195.66,1
1260,22.8,-363.85,443.02,1
1261,22.81,-43.53,221.2,1
1262,22.82,-168.86,109.19,1
1263,22.84,55.63,124.77,1
1264,22.85,-276.52,57.8,1
1265,22.86,184.94,-2.73,1
1266,22.88,63.71,88.3,1
1267,22.89,-72.08,-102.55,1
1268,22.9,244.35,-195.63,1
1269,22.92,-63.41,-150.14,0
1270,22.93,11.78,292.2,0
1271,22.95,199.9,203.53,0
1272,22.96,-77.46,34.87,0
1273,22.97,289.86,134.5,0
1274,22.99,40.28,56.28,0
1275,23.0,345.35,57.42,0
1276,23.01,-79.93,-21.47,0
1277,23.03,37.44,-112.54,0
1278,23.04,57.89,-46.11,0
1279,23.05,-156.39,-91.19,0
1280,23.07,-74.64,-143.01,0
1281,23.08,-145.88,-258.26,0
1282,23.09,-66.93,-248.86,0
1283,23.11,-88.59,-167.86,0
1284,23.12,-63.97,-123.44,0
1285,23.13,-49.83,-92.58,0
1286,23.15,-24.92,-33.39,0
1287,23.16,-13.41,-5.34,0
1288,23.17,-17.72,6.2,0
1289,23.19,-17.85,48.41,0
1290,23.2,-24.61,61.57,0
1291,23.21,-6.15,59.32,0
1292,23.23,-22.87,86.64,0
1293,23.24,-28.95,88.61,0
1294,23.25,-23.27,76.68,0
1295,23.27,-18.11,96.03,0
1296,23.28,-17.81,138.51,0
1297,23.29,-7.96,220.66,0
1298,23.31,23.42,241.14,0
1299,23.32,-15.05,253.01,0
1300,23.33,13.27,206.6,0
1301,23.35,31.1,181.41,0
1302,23.36,12.06,163.81,0
1303,23.37,23.71,113.92,0
1304,23.39,51.05,58.33,0
1305,23.4,-9.78,36.96,0
1306,23.41,30.0,-15.91,0
1307,23.43,32.74,-48.97,0
1308,23.44,6.25,-76.48,0
1309,23.45,42.49,-82.74,0
1310,23.46,31.52,-125.87,0
1311,23.48,29.42,-110.84,0
1312,23.49,52.57,-138.87,0
1313,23.5,40.76,-164.32,0
1314,23.52,-0.79,-165.24,0
1315,23.53,10.82,-201.86,0
1316,23.54,25.25,-185.31,0
1317,23.56,1.28,-187.05,0
1318,23.57,30.89,-205.0,0
1319,23.59,30.14,-196.25,0
1320,23.6,21.45,-164.57,0
1321,23.61,28.33,-163.32,0
1322,23.63,22.55,-190.14,0
1323,23.64,7.79,-150.28,0
1324,23.65,24.86,-128.78,0
1325,23.67,40.63,-157.32,0
1326,23.68,27.71,-104.11,0
1327,23.69,5.92,-100.91,0
1328,23.71,15.56,-111.1,0
1329,23.72,-4.09,-83.26,0
1330,23.73,2.41,-68.57,0
1331,23.75,2.12,-70.12,0
1332,23.76,-15.47,-19.96,0
1333,23.77,-21.09,-29.74,0
1334,23.79,10.21,-27.92,0
1335,23.8,-29.7,17.36,0
1336,23.81,-24.46,17.24,0
1337,23.83,-4.46,10.31,0
1338,23.84,-16.38,32.74,0
1339,23.85,-6.05,56.38,0
1340,23.87,-4.15,23.29,0
1341,23.88,-21.31,82.06,0
1342,23.89,-28.23,72.23,0
1343,23.91,17.88,55.39,0
1344,23.92,-11.96,73.32,0
1345,23.93,-41.83,76.21,0
1346,23.95,-6.21,71.1,0
1347,23.96,-25.25,112.65,0
1348,23.97,-20.55,95.68,0
1349,23.99,-7.73,56.66,0
1350,24.0,-45.43,127.04,0
1351,24.01,-13.38,77.14,0
1352,24.03,-9.12,64.25,0
1353,24.04,-15.7,67.32,0
1354,24.05,-0.39,62.77,0
1355,24.07,14.29,94.82,0
1356,24.08,-10.15,79.12,0
1357,24.09,-5.82,73.86,0
1358,24.1,-2.81,54.89,1
1359,24.12,-23.13,91.96,1
1360,24.13,9.65,92.73,1
1361,24.14,17.11,85.56,1
1362,24.16,44.99,161.28,1
1363,24.17,307.67,192.15,1
1364,24.18,2.23,188.08,1
1365,24.2,-406.95,273.04,1
1366,24.21,-245.52,306.33,1
1367,24.22,210.04,208.06,1
1368,24.24,240.6,174.47,1
1369,24.25,-187.99,75.55,1
1370,24.27,300.79,27.19,1
1371,24.28,-195.66,-5.84,1
1372,24.29,-276.96,-69.2,1
1373,24.31,304.98,-100.64,1
1374,24.32,-351.64,-109.09,1
1375,24.33,221.68,-155.62,1
1376,24.35,-112.68,-168.41,1
1377,24.36,296.93,-163.22,1
1378,24.37,74.49,-196.43,1
1379,24.39,-167.3,-195.59,1
1380,24.4,249.39,-198.1,1
1381,24.41,-36.09,-237.66,1
1382,24.43,112.89,-202.74,1
1383,24.44,-448.89,-270.66,1
1384,24.45,-139.41,-270.28,1
1385,24.47,-66.14,-306.12,1
1386,24.48,14.12,-386.73,1
1387,24.49,274.56,-404.84,1
1388,24.51,-82.43,-369.41,1
1389,24.52,-168.16,223.8,1
1390,24.53,172.23,113.96,1
1391,24.55,80.09,-60.63,1
1392,24.56,-75.18,-325.91,1
1393,24.57,-80.83,169.02,1
1394,24.59,-385.21,137.44,1
1395,24.6,14.19,53.38,1
1396,24.61,107.62,24.2,1
1397,24.63,-325.28,50.15,1
1398,24.64,167.57,59.55,1
1399,24.65,-212.56,-255.53,1
1400,24.67,321.89,124.76,1
1401,24.68,-91.3,131.61,1
1402,24.69,-188.85,-81.7,1
1403,24.71,172.37,57.29,1
1404,24.72,56.7,217.98,1
1405,24.73,-18.54,318.92,1
1406,24.75,108.5,-88.05,1
1407,24.76,-186.8,183.24,1
1408,24.77,-90.4,-238.96,1
1409,24.78,-61.9,-6.48,1
1410,24.8,201.92,150.79,1
1411,24.81,14.48,473.78,1
1412,24.82,342.35,269.28,1
1413,24.84,527.42,-158.0,1
1414,24.85,86.04,205.08,1
1415,24.86,9.07,359.36,1
1416,24.88,25.38,538.59,1
1417,24.89,518.29,321.8,1
1418,24.91,129.7,344.36,0
1419,24.92,422.89,62.26,0
1420,24.93,14.14,13.84,0
1421,24.95,88.21,139.44,0
1422,24.96,32.21,48.62,0
1423,24.97,183.64,-41.65,0
1424,24.99,-163.84,44.25,0
1425,25.0,-76.8,-64.85,0
1426,25.01,-151.6,-171.39,0
1427,25.03,-82.45,-310.31,0
1428,25.04,-151.54,-208.7,0
1429,25.05,-166.62,-202.75,0
1430,25.07,-138.44,-153.62,0
1431,25.08,-203.31,-90.01,0
1432,25.09,-186.44,-78.2,0
1433,25.11,-151.07,-53.88,0
1434,25.12,-176.86,-4.86,0
1435,25.13,-149.16,-6.61,0
1436,25.15,-108.77,2.5,0
1437,25.16,-142.9,40.39,0
1438,25.17,-118.84,27.85,0
1439,25.19,-87.52,28.29,0
1440,25.2,-107.3,57.27,0
1441,25.21,-108.83,63.5,0
1442,25.23,-29.87,132.35,0
1443,25.24,-108.67,197.2,0
1444,25.25,-47.03,184.97,0
1445,25.27,-29.93,140.9,0
1446,25.28,-51.54,176.37,0
1447,25.29,-43.26,166.94,0
1448,25.31,1.2,116.22,0
1449,25.32,1.98,87.08,0
1450,25.33,10.25,9.22,0
1451,25.35,41.83,-0.08,0
1452,25.36,24.91,-1.44,0
1453,25.37,38.49,-49.45,0
1454,25.38,69.11,-106.55,0
1455,25.4,28.44,-96.2,0
1456,25.41,46.58,-127.23,0
1457,25.42,85.85,-151.48,0
1458,25.44,47.62,-171.86,0
1459,25.45,58.31,-171.24,0
1460,25.46,84.65,-189.98,0
1461,25.48,64.35,-159.59,0
1462,25.49,73.54,-183.13,0
1463,25.5,86.56,-186.48,0
1464,25.52,48.7,-191.13,0
1465,25.53,53.21,-197.91,0
1466,25.55,67.38,-185.94,0
1467,25.56,25.21,-168.6,0
1468,25.57,43.19,-156.95,0
1469,25.59,62.01,-142.99,0
1470,25.6,11.34,-143.07,0
1471,25.61,41.55,-119.39,0
1472,25.63,54.28,-117.55,0
1473,25.64,11.43,-70.99,0
1474,25.65,19.56,-76.41,0
1475,25.67,44.48,-58.02,0
1476,25.68,-1.69,-26.88,0
1477,25.69,15.08,-33.31,0
1478,25.71,35.54,-28.41,0
1479,25.72,10.65,1.7,0
1480,25.73,21.0,-8.37,0
1481,25.75,28.22,11.05,0
1482,25.76,0.76,30.06,0
1483,25.77,-0.01,26.8,0
1484,25.79,25.39,27.88,0
1485,25.8,-17.88,74.4,0
1486,25.81,-24.11,87.13,0
1487,25.83,3.24,43.87,0
1488,25.84,-24.47,88.51,0
1489,25.85,-8.17,89.0,0
1490,25.87,4.58,54.1,0
1491,25.88,-39.79,87.05,0
1492,25.89,-24.68,86.04,0
1493,25.91,0.73,95.4,0
1494,25.92,-31.91,93.8,0
1495,25.93,-27.28,85.42,0
1496,25.95,5.28,101.49,0
1497,25.96,-38.59,97.2,0
1498,25.97,-26.48,63.1,0
1499,25.99,-12.58,81.33,0
1500,26.0,-40.23,81.0,0
1501,26.01,-24.34,80.71,0
1502,26.02,23.16,70.67,0
1503,26.04,-22.11,71.09,0
1504,26.05,-32.57,62.39,0
1505,26.06,-16.34,60.03,0
1506,26.08,-27.67,55.9,0
1507,26.09,-15.89,88.98,0
1508,26.1,-2.03,55.36,1
1509,26.12,-29.04,11.41,1
1510,26.13,-16.71,185.86,1
1511,26.14,-27.27,400.61,1
1512,26.16,11.86,387.91,1
1513,26.17,-243.41,295.17,1
1514,26.19,-135.08,201.54,1
1515,26.2,-206.68,145.04,1
1516,26.21,25.45,70.95,1
1517,26.23,-79.36,4.11,1
1518,26.24,193.41,-28.28,1
1519,26.25,-219.83,-75.96,1
1520,26.27,-36.84,-123.66,1
1521,26.28,293.21,-134.15,1
1522,26.29,-164.29,-161.99,1
1523,26.31,530.21,-192.64,1
1524,26.32,420.81,-188.86,1
1525,26.33,429.25,-200.22,1
1526,26.35,217.28,-217.72,1
1527,26.36,-303.88,-201.88,1
1528,26.37,71.9,-202.65,1
1529,26.39,177.66,-217.25,1
1530,26.4,-367.67,-198.13,1
1531,26.41,304.76,-268.74,1
1532,26.43,91.18,-653.82,1
1533,26.44,-192.34,-709.3,1
1534,26.45,-421.25,-258.31,1
1535,26.47,-83.52,119.37,1
1536,26.48,231.01,-88.35,1
1537,26.49,119.0,11.2,1
1538,26.51,-269.56,-103.73,1
1539,26.52,-104.63,-106.09,1
1540,26.53,50.92,-97.55,1
1541,26.55,-185.61,196.37,1
1542,26.56,203.9,-98.59,1
1543,26.57,9.79,4.4,1
1544,26.59,-20.71,69.92,1
1545,26.6,-290.64,205.33,1
1546,26.61,-69.38,185.66,1
1547,26.63,145.49,34.16,1
1548,26.64,-254.7,-78.87,1
1549,26.65,-171.69,516.47,1
1550,26.67,-182.08,264.34,1
1551,26.68,5.96,-50.88,1
1552,26.69,-276.43,10.64,1
1553,26.7,-131.01,582.91,1
1554,26.72,-15.26,229.52,1
1555,26.73,99.62,67.88,1
1556,26.75,113.4,-24.73,1
1557,26.76,81.32,2.4,1
1558,26.77,-187.76,-175.9,1
1559,26.78,-225.49,388.39,1
1560,26.8,103.77,433.57,1
1561,26.81,-94.99,171.3,1
1562,26.82,142.9,-16.8,1
1563,26.84,33.43,89.1,1
1564,26.85,135.68,118.54,1
1565,26.87,183.65,4.04,1
1566,26.88,407.93,-74.06,1
1567,26.89,-93.08,-66.27,1
1568,26.91,488.26,-70.2,0
1569,26.92,-210.18,-72.26,0
1570,26.93,1.74,-221.25,0
1571,26.95,-129.09,-106.4,0
1572,26.96,247.39,-55.55,0
1573,26.97,105.63,-62.46,0
1574,26.99,141.23,-26.82,0
1575,27.0,83.08,4.98,0
1576,27.01,127.94,44.19,0
1577,27.03,175.62,41.2,0
1578,27.04,78.26,66.04,0
1579,27.05,32.09,87.2,0
1580,27.07,24.17,74.03,0
1581,27.08,-19.16,88.14,0
1582,27.09,-36.72,98.93,0
1583,27.11,-76.71,76.11,0
1584,27.12,-148.9,103.91,0
1585,27.13,-73.39,208.18,0
1586,27.15,-92.41,244.67,0
1587,27.16,-86.46,224.3,0
1588,27.17,-43.96,249.94,0
1589,27.19,-21.02,205.45,0
1590,27.2,-69.32,106.0,0
1591,27.21,-39.5,68.79,0
1592,27.23,-30.98,28.83,0
1593,27.24,-58.6,-14.26,0
1594,27.25,-55.11,-14.23,0
1595,27.27,-13.38,-31.24,0
1596,27.28,-59.31,-104.32,0
1597,27.29,-21.21,-119.26,0
1598,27.3,-5.23,-134.34,0
1599,27.32,-51.12,-130.41,0
1600,27.33,22.62,-163.28,0
1601,27.34,15.4,-219.29,0
1602,27.36,-26.55,-195.65,0
1603,27.37,-15.51,-220.14,0
1604,27.38,-7.3,-198.97,0
1605,27.4,-35.13,-273.32,0
1606,27.41,-23.79,-149.98,0
1607,27.42,11.69,-185.43,0
1608,27.44,-28.15,-194.57,0
1609,27.45,2.49,-177.31,0
1610,27.46,16.72,-141.95,0
1611,27.48,-2.56,-157.53,0
1612,27.49,-4.1,-168.08,0
1613,27.51,15.06,-134.18,0
1614,27.52,-7.83,-119.48,0
1615,27.53,16.86,-55.83,0
1616,27.55,31.16,-81.93,0
1617,27.56,0.56,-70.79,0
1618,27.57,13.01,-25.13,0
1619,27.59,17.99,-65.16,0
1620,27.6,-4.82,-69.34,0
1621,27.61,2.97,-28.57,0
1622,27.63,7.23,-22.57,0
1623,27.64,2.13,-47.7,0
1624,27.65,22.14,13.29,0
1625,27.67,16.11,45.8,0
1626,27.68,-4.14,23.36,0
1627,27.69,-4.46,37.6,0
1628,27.71,24.53,16.76,0
1629,27.72,-8.96,25.45,0
1630,27.73,-6.36,52.09,0
1631,27.75,29.3,35.0,0
1632,27.76,2.83,16.62,0
1633,27.77,3.27,108.57,0
1634,27.79,18.39,72.53,0
1635,27.8,-10.18,40.09,0
1636,27.81,6.65,91.2,0
1637,27.83,18.1,65.38,0
1638,27.84,6.33,86.33,0
1639,27.85,2.6,81.21,0
1640,27.87,7.16,85.29,0
1641,27.88,3.64,77.71,0
1642,27.89,4.69,102.64,0
1643,27.91,17.9,72.81,0
1644,27.92,0.68,73.71,0
1645,27.93,-0.11,127.2,0
1646,27.94,19.34,103.42,0
1647,27.96,-16.53,54.45,0
1648,27.97,8.48,86.18,0
1649,27.98,14.22,75.09,0
1650,28.0,0.76,37.37,0
1651,28.01,-13.19,69.49,0
1652,28.02,1.5,72.79,0
1653,28.04,-9.05,39.38,0
1654,28.05,-15.5,40.81,0
1655,28.06,4.13,28.84,0
1656,28.08,-23.9,32.19,0
1657,28.09,7.95,41.48,0
1658,28.1,20.15,34.46,1
1659,28.12,-15.76,25.8,1
1660,28.13,-16.49,63.09,1
1661,28.15,14.39,37.9,1
1662,28.16,26.84,187.37,1
1663,28.17,-79.54,345.48,1
1664,28.19,7.33,343.71,1
1665,28.2,-316.75,233.12,1
1666,28.21,-218.61,189.68,1
1667,28.23,-89.03,86.72,1
1668,28.24,-121.61,28.68,1
1669,28.25,-122.7,-7.7,1
1670,28.27,-83.04,-74.78,1
1671,28.28,143.6,-115.86,1
1672,28.29,217.66,-124.87,1
1673,28.31,119.15,-172.16,1
1674,28.32,363.66,-193.34,1
1675,28.33,107.87,-186.44,1
1676,28.35,-3.78,-216.54,1
1677,28.36,-94.1,-224.53,1
1678,28.37,335.49,-203.21,1
1679,28.39,240.55,-223.31,1
1680,28.4,-2.63,-220.3,1
1681,28.41,377.31,-191.13,1
1682,28.43,90.96,-202.39,1
1683,28.44,96.58,-315.23,1
1684,28.45,-63.17,-438.08,1
1685,28.47,217.85,-360.91,1
1686,28.48,234.98,-515.66,1
1687,28.49,-76.0,-202.88,1
1688,28.51,-201.8,-167.77,1
1689,28.52,-11.39,-399.93,1
1690,28.53,-88.51,-372.23,1
1691,28.55,-240.68,-308.1,1
1692,28.56,113.01,-205.66,1
1693,28.57,38.8,439.35,1
1694,28.58,-62.03,517.16,1
1695,28.6,-133.32,194.38,1
1696,28.61,37.49,198.7,1
1697,28.62,-213.84,146.55,1
1698,28.64,-379.17,453.17,1
1699,28.65,-237.43,150.44,1
1700,28.67,78.02,337.58,1
1701,28.68,-278.8,671.76,1
1702,28.69,-198.91,254.96,1
1703,28.7,-236.53,46.85,1
1704,28.72,-214.83,521.7,1
1705,28.73,-259.87,265.5,1
1706,28.75,-143.73,100.3,1
1707,28.76,-33.0,-37.64,1
1708,28.77,-50.71,-246.81,1
1709,28.785,286.58,-212.88,1
1710,28.8,-142.7,72.65,1
1711,28.81,-235.54,150.55,1
1712,28.83,-29.96,41.01,1
1713,28.84,-133.21,-132.11,1
1714,28.85,96.54,-236.91,1
1715,28.87,50.52,271.83,1
1716,28.88,539.29,498.42,1
1717,28.89,-128.41,80.17,1
1718,28.91,107.37,328.51,0
1719,28.92,-69.74,80.62,0
1720,28.93,-20.88,-211.75,0
1721,28.95,468.45,2.5,0
1722,28.96,266.38,-152.11,0
1723,28.97,375.72,108.74,0
1724,28.99,-43.61,4.09,0
1725,29.0,118.97,69.92,0
1726,29.01,42.4,-118.95,0
1727,29.03,9.21,-108.62,0
1728,29.04,164.67,-232.27,0
1729,29.05,87.86,-306.02,0
1730,29.07,152.94,-285.69,0
1731,29.08,147.41,-238.75,0
1732,29.09,160.39,-154.24,0
1733,29.11,155.19,-114.65,0
1734,29.12,82.13,-83.93,0
1735,29.13,68.16,-22.67,0
1736,29.15,1.95,-0.38,0
1737,29.16,-46.01,11.86,0
1738,29.17,-66.15,56.04,0
1739,29.19,-70.93,64.24,0
1740,29.2,-97.84,63.3,0
1741,29.21,-102.47,94.37,0
1742,29.22,-127.38,135.89,0
1743,29.24,-79.07,211.7,0
1744,29.25,-112.17,252.09,0
1745,29.26,-87.33,318.62,0
1746,29.28,-104.29,232.97,0
1747,29.29,-97.94,189.2,0
1748,29.3,-81.05,189.44,0
1749,29.32,-91.98,155.0,0
1750,29.33,-83.17,88.25,0
1751,29.34,-40.01,78.4,0
1752,29.36,-45.39,42.96,0
1753,29.37,-47.33,-21.91,0
1754,29.38,-25.57,-22.01,0
1755,29.4,-16.78,-58.07,0
1756,29.41,-47.82,-74.28,0
1757,29.425,-16.28,-95.84,0
1758,29.44,-33.8,-128.4,0
1759,29.45,-26.83,-140.6,0
1760,29.47,-6.27,-167.2,0
1761,29.48,-0.01,-149.78,0
1762,29.49,-2.03,-156.56,0
1763,29.51,13.07,-158.21,0
1764,29.52,4.75,-162.7,0
1765,29.53,-4.87,-195.32,0
1766,29.55,17.02,-147.72,0
1767,29.56,6.65,-150.48,0
1768,29.57,1.86,-155.11,0
1769,29.59,30.03,-162.27,0
1770,29.6,17.53,-111.33,0
1771,29.61,11.22,-129.62,0
1772,29.63,-2.81,-88.96,0
1773,29.64,28.55,-123.48,0
1774,29.65,11.29,-108.12,0
1775,29.67,36.48,-62.45,0
1776,29.68,23.75,-75.43,0
1777,29.69,17.49,-91.2,0
1778,29.71,21.76,-35.66,0
1779,29.72,16.12,1.3,0
1780,29.73,-0.53,-27.02,0
1781,29.75,12.78,3.8,0
1782,29.76,23.99,8.67,0
1783,29.77,5.16,-22.31,0
1784,29.79,39.03,25.6,0
1785,29.8,33.33,39.8,0
1786,29.81,-0.51,39.36,0
1787,29.83,2.19,41.62,0
1788,29.84,22.71,20.0,0
1789,29.85,-0.56,52.86,0
1790,29.86,13.31,61.25,0
1791,29.88,7.64,62.09,0
1792,29.89,25.61,55.05,0
1793,29.9,27.41,82.55,0
1794,29.92,19.74,62.22,0
1795,29.93,-15.23,50.13,0
1796,29.94,-4.53,61.64,0
1797,29.96,2.81,91.2,0
1798,29.97,3.31,71.89,0
1799,29.98,12.76,57.86,0
1800,30.0,24.35,72.59,0
